company_id,is_hot_lead
COMP_003765,0
COMP_009663,0
COMP_008591,0
COMP_010200,0
COMP_019093,1
COMP_021104,0
COMP_003466,0
COMP_019005,0
COMP_010756,0
COMP_001767,0
COMP_003745,0
COMP_013721,0
COMP_012305,0
COMP_016353,0
COMP_010787,1
COMP_016828,0
COMP_007680,0
COMP_013351,0
COMP_003376,0
COMP_023875,0
COMP_003754,0
COMP_006800,0
COMP_002913,0
COMP_022193,0
COMP_018184,1
COMP_019302,0
COMP_001031,0
COMP_017768,0
COMP_021340,0
COMP_013262,0
COMP_021315,0
COMP_015318,0
COMP_000401,0
COMP_024495,0
COMP_006221,0
COMP_021093,0
COMP_019879,1
COMP_024656,0
COMP_017722,0
COMP_016901,0
COMP_018351,0
COMP_018248,0
COMP_005740,0
COMP_007520,0
COMP_004648,0
COMP_019938,0
COMP_017988,0
COMP_006485,0
COMP_008399,1
COMP_008738,1
COMP_006424,0
COMP_019078,1
COMP_024590,0
COMP_003440,0
COMP_022197,1
COMP_000665,0
COMP_003810,0
COMP_006102,0
COMP_023961,0
COMP_021510,0
COMP_011303,0
COMP_024407,0
COMP_012103,0
COMP_002300,1
COMP_005841,0
COMP_015922,0
COMP_017169,0
COMP_007656,1
COMP_014300,0
COMP_019322,0
COMP_002612,0
COMP_001371,0
COMP_024361,0
COMP_013205,0
COMP_019402,0
COMP_002538,0
COMP_009238,0
COMP_007651,0
COMP_008525,0
COMP_022583,0
COMP_007287,0
COMP_023609,0
COMP_001212,0
COMP_003747,0
COMP_016431,0
COMP_009280,0
COMP_015187,0
COMP_012744,0
COMP_002058,1
COMP_008521,1
COMP_006703,0
COMP_019435,0
COMP_004164,1
COMP_015185,0
COMP_006134,0
COMP_011736,0
COMP_003788,0
COMP_016938,0
COMP_013299,0
COMP_021526,1
COMP_000261,0
COMP_024913,0
COMP_021122,0
COMP_003932,0
COMP_015408,0
COMP_003406,0
COMP_007738,0
COMP_008831,0
COMP_003264,0
COMP_014151,0
COMP_002141,0
COMP_005939,0
COMP_008819,0
COMP_020352,0
COMP_023666,1
COMP_010946,0
COMP_008510,0
COMP_018716,1
COMP_012198,0
COMP_013689,0
COMP_007659,0
COMP_006113,0
COMP_010087,0
COMP_017132,1
COMP_007372,0
COMP_020275,0
COMP_007002,1
COMP_014301,0
COMP_008046,0
COMP_005367,0
COMP_022884,0
COMP_024807,0
COMP_005044,0
COMP_023235,0
COMP_002167,0
COMP_023390,0
COMP_017534,0
COMP_017748,0
COMP_004508,1
COMP_004655,1
COMP_008976,0
COMP_002488,1
COMP_001840,0
COMP_024120,1
COMP_008820,0
COMP_018294,1
COMP_021820,0
COMP_021414,0
COMP_008387,0
COMP_008302,0
COMP_007286,0
COMP_017044,0
COMP_007687,0
COMP_012731,0
COMP_002158,0
COMP_001798,0
COMP_004612,0
COMP_018310,1
COMP_004697,0
COMP_011533,0
COMP_000089,1
COMP_015604,0
COMP_015131,1
COMP_004507,0
COMP_008423,1
COMP_015056,0
COMP_017734,0
COMP_019291,0
COMP_015364,0
COMP_010445,0
COMP_015767,0
COMP_015599,0
COMP_010837,0
COMP_004111,0
COMP_000760,0
COMP_022580,1
COMP_000035,0
COMP_003052,0
COMP_018435,0
COMP_010184,0
COMP_011060,0
COMP_012074,0
COMP_008473,0
COMP_008798,0
COMP_014060,1
COMP_013096,0
COMP_021270,1
COMP_023441,0
COMP_021848,0
COMP_023351,0
COMP_021782,0
COMP_017935,0
COMP_011334,0
COMP_016471,0
COMP_000741,0
COMP_000133,1
COMP_005732,0
COMP_006877,0
COMP_005108,0
COMP_002371,0
COMP_008843,1
COMP_008537,0
COMP_003859,0
COMP_002857,0
COMP_024373,0
COMP_018367,1
COMP_004756,0
COMP_024062,0
COMP_019601,0
COMP_017835,0
COMP_004719,0
COMP_013034,1
COMP_014000,0
COMP_005261,0
COMP_002744,0
COMP_017403,0
COMP_009938,0
COMP_007508,0
COMP_016826,0
COMP_020260,0
COMP_024481,0
COMP_023608,0
COMP_013445,0
COMP_008707,0
COMP_010759,0
COMP_016820,0
COMP_020271,0
COMP_017302,0
COMP_000094,0
COMP_018101,1
COMP_015163,0
COMP_017676,0
COMP_023555,0
COMP_014945,0
COMP_002187,0
COMP_005409,0
COMP_018096,0
COMP_012210,0
COMP_015754,0
COMP_001479,1
COMP_006091,0
COMP_003685,1
COMP_006790,0
COMP_008245,0
COMP_015790,0
COMP_024723,0
COMP_022461,0
COMP_019682,1
COMP_024963,0
COMP_012007,0
COMP_008032,0
COMP_007684,1
COMP_019816,0
COMP_014382,0
COMP_000580,0
COMP_004786,1
COMP_007923,0
COMP_005101,0
COMP_003658,0
COMP_008578,1
COMP_006689,0
COMP_007304,0
COMP_011815,0
COMP_024056,0
COMP_000388,0
COMP_006225,0
COMP_017993,0
COMP_007279,0
COMP_009442,0
COMP_012434,0
COMP_016314,0
COMP_011306,1
COMP_001196,0
COMP_008261,0
COMP_020197,0
COMP_001740,0
COMP_012679,0
COMP_023451,0
COMP_006035,1
COMP_004959,0
COMP_004397,1
COMP_023249,1
COMP_022598,0
COMP_001093,0
COMP_003815,0
COMP_007358,0
COMP_012511,0
COMP_024188,0
COMP_000335,0
COMP_007067,0
COMP_003516,0
COMP_008268,0
COMP_000457,0
COMP_009321,0
COMP_011761,1
COMP_018628,0
COMP_004414,0
COMP_005787,0
COMP_014761,0
COMP_009301,1
COMP_021395,0
COMP_013120,0
COMP_019929,0
COMP_018756,0
COMP_018154,0
COMP_005669,1
COMP_004991,0
COMP_011330,0
COMP_022236,1
COMP_020685,0
COMP_001292,0
COMP_024486,0
COMP_023996,0
COMP_022026,0
COMP_017116,0
COMP_018401,0
COMP_012021,0
COMP_005177,1
COMP_023499,0
COMP_005287,0
COMP_017888,0
COMP_002989,0
COMP_014397,0
COMP_004406,0
COMP_005134,0
COMP_015603,0
COMP_017464,0
COMP_001213,0
COMP_020651,0
COMP_019393,1
COMP_003419,0
COMP_009338,0
COMP_003062,0
COMP_011369,0
COMP_018498,0
COMP_007590,0
COMP_021740,0
COMP_019791,0
COMP_001370,0
COMP_024085,0
COMP_006527,0
COMP_013810,0
COMP_019128,1
COMP_020000,0
COMP_022398,1
COMP_014355,0
COMP_013033,0
COMP_012742,1
COMP_005625,1
COMP_023331,0
COMP_007952,1
COMP_011295,0
COMP_013412,0
COMP_022338,0
COMP_010004,1
COMP_010505,0
COMP_014091,0
COMP_020543,0
COMP_019530,0
COMP_011345,0
COMP_012933,0
COMP_000473,0
COMP_011362,0
COMP_017870,0
COMP_007190,0
COMP_023389,0
COMP_016840,0
COMP_024859,0
COMP_006968,0
COMP_000005,0
COMP_012735,1
COMP_017472,0
COMP_020980,0
COMP_010590,0
COMP_001954,0
COMP_000365,0
COMP_021540,0
COMP_013375,0
COMP_022419,0
COMP_004042,0
COMP_024796,0
COMP_019220,0
COMP_005564,0
COMP_011015,0
COMP_001833,0
COMP_002163,0
COMP_005773,0
COMP_022702,0
COMP_023498,1
COMP_016949,0
COMP_009839,0
COMP_006173,0
COMP_016911,0
COMP_004748,0
COMP_000108,0
COMP_018513,1
COMP_016209,0
COMP_000405,0
COMP_006833,0
COMP_007497,0
COMP_000070,0
COMP_000074,0
COMP_005588,0
COMP_000267,0
COMP_002508,0
COMP_012920,0
COMP_014101,1
COMP_023384,0
COMP_004260,0
COMP_011319,0
COMP_014814,0
COMP_007025,1
COMP_013749,0
COMP_007132,0
COMP_016692,0
COMP_008175,0
COMP_012493,0
COMP_001926,0
COMP_003701,0
COMP_021882,0
COMP_010824,1
COMP_003418,1
COMP_010694,0
COMP_008506,0
COMP_021932,0
COMP_008128,0
COMP_013888,0
COMP_007178,0
COMP_020764,0
COMP_018942,0
COMP_017265,0
COMP_008678,0
COMP_022861,0
COMP_010199,1
COMP_016881,0
COMP_017561,0
COMP_020194,0
COMP_021871,0
COMP_017277,0
COMP_010290,0
COMP_013553,0
COMP_004965,0
COMP_013747,0
COMP_012636,0
COMP_000316,0
COMP_014526,0
COMP_002007,0
COMP_000098,0
COMP_008347,0
COMP_017124,1
COMP_016680,1
COMP_024566,0
COMP_007282,0
COMP_021449,0
COMP_024219,0
COMP_010424,0
COMP_022200,0
COMP_017631,0
COMP_006884,0
COMP_002886,0
COMP_010330,0
COMP_018056,0
COMP_005582,0
COMP_020659,0
COMP_001629,0
COMP_022053,1
COMP_006483,0
COMP_015153,0
COMP_011278,0
COMP_005034,0
COMP_020798,0
COMP_007882,0
COMP_011246,0
COMP_017813,0
COMP_019433,0
COMP_011616,0
COMP_006713,0
COMP_003283,0
COMP_015165,0
COMP_014294,1
COMP_004933,0
COMP_022752,0
COMP_013952,0
COMP_004143,1
COMP_006118,0
COMP_024367,0
COMP_021519,0
COMP_002606,0
COMP_016076,0
COMP_001339,1
COMP_008799,0
COMP_020519,0
COMP_006896,0
COMP_009417,0
COMP_020204,1
COMP_022781,1
COMP_021279,0
COMP_015918,0
COMP_012272,0
COMP_005070,0
COMP_010385,0
COMP_022689,0
COMP_016511,0
COMP_006128,0
COMP_000026,0
COMP_012537,0
COMP_019046,0
COMP_000132,0
COMP_006707,0
COMP_013323,0
COMP_004065,0
COMP_020871,1
COMP_016236,0
COMP_020583,0
COMP_017739,0
COMP_014850,0
COMP_001359,0
COMP_009702,0
COMP_020133,1
COMP_000069,0
COMP_009104,0
COMP_006559,0
COMP_014561,0
COMP_018987,0
COMP_012399,1
COMP_004909,0
COMP_006923,0
COMP_009072,1
COMP_002246,0
COMP_006964,0
COMP_021557,0
COMP_005986,0
COMP_020082,0
COMP_018693,0
COMP_015961,0
COMP_001202,0
COMP_016536,0
COMP_024519,0
COMP_024538,1
COMP_021685,1
COMP_006141,0
COMP_005040,0
COMP_008081,0
COMP_016197,0
COMP_004183,0
COMP_017668,0
COMP_001826,0
COMP_006230,0
COMP_009452,0
COMP_010253,0
COMP_001996,0
COMP_024773,0
COMP_002666,0
COMP_007685,0
COMP_011539,0
COMP_001342,0
COMP_024633,1
COMP_000817,1
COMP_005156,0
COMP_018428,0
COMP_021700,0
COMP_018291,1
COMP_014731,0
COMP_020562,0
COMP_022709,0
COMP_022445,1
COMP_005516,0
COMP_023273,0
COMP_024200,0
COMP_018210,1
COMP_014242,0
COMP_005328,0
COMP_014088,1
COMP_001177,0
COMP_006716,1
COMP_004842,0
COMP_002498,0
COMP_020921,1
COMP_007794,0
COMP_019484,0
COMP_021591,1
COMP_005247,1
COMP_007453,0
COMP_016449,0
COMP_010935,0
COMP_012211,0
COMP_023515,1
COMP_020723,0
COMP_012998,1
COMP_021641,1
COMP_009277,0
COMP_016205,0
COMP_024337,0
COMP_009588,0
COMP_016428,0
COMP_011695,0
COMP_014828,0
COMP_011095,0
COMP_015744,0
COMP_003348,0
COMP_014689,0
COMP_024424,0
COMP_021106,0
COMP_003945,0
COMP_001854,0
COMP_002216,0
COMP_024551,0
COMP_012323,0
COMP_010741,0
COMP_019015,0
COMP_008573,0
COMP_003928,0
COMP_009729,0
COMP_019049,0
COMP_011013,0
COMP_006043,1
COMP_013309,0
COMP_017191,0
COMP_007318,0
COMP_013074,0
COMP_015132,0
COMP_004201,0
COMP_000830,0
COMP_002350,0
COMP_010344,0
COMP_008362,1
COMP_020493,0
COMP_014696,0
COMP_013387,1
COMP_019821,0
COMP_013072,0
COMP_000248,1
COMP_017853,0
COMP_018834,1
COMP_013505,1
COMP_021928,0
COMP_007686,1
COMP_008249,0
COMP_013646,0
COMP_010250,0
COMP_016577,0
COMP_006574,0
COMP_000548,0
COMP_011589,0
COMP_000266,0
COMP_008213,0
COMP_022625,0
COMP_011087,0
COMP_001332,0
COMP_015539,1
COMP_015168,0
COMP_022874,0
COMP_020536,0
COMP_000174,0
COMP_004099,1
COMP_009028,1
COMP_000109,0
COMP_024616,0
COMP_018438,0
COMP_000028,0
COMP_024225,1
COMP_011578,0
COMP_006369,0
COMP_016108,0
COMP_005543,0
COMP_002231,0
COMP_017922,0
COMP_014185,0
COMP_018661,0
COMP_007915,0
COMP_018497,1
COMP_014311,0
COMP_020731,0
COMP_003511,0
COMP_018673,0
COMP_024002,0
COMP_004244,0
COMP_014237,0
COMP_023937,1
COMP_017431,0
COMP_006744,0
COMP_012950,0
COMP_000127,0
COMP_008431,1
COMP_004312,0
COMP_005762,0
COMP_020683,0
COMP_013431,0
COMP_005408,0
COMP_006476,0
COMP_000809,0
COMP_024608,0
COMP_023185,0
COMP_009814,0
COMP_002936,0
COMP_018926,0
COMP_002008,0
COMP_003965,0
COMP_011662,1
COMP_004293,0
COMP_002034,0
COMP_022239,0
COMP_014256,0
COMP_008377,0
COMP_008412,0
COMP_012794,0
COMP_024893,0
COMP_002902,0
COMP_022797,0
COMP_011995,0
COMP_008013,0
COMP_017242,0
COMP_024524,0
COMP_010901,0
COMP_005687,0
COMP_014017,0
COMP_000701,0
COMP_016220,0
COMP_015996,0
COMP_024571,0
COMP_024903,0
COMP_011999,0
COMP_010506,0
COMP_010299,0
COMP_013847,0
COMP_001483,0
COMP_006922,1
COMP_006952,0
COMP_003297,0
COMP_000673,0
COMP_016607,0
COMP_012426,1
COMP_008280,0
COMP_013886,0
COMP_014573,1
COMP_001191,0
COMP_012065,1
COMP_013854,0
COMP_012524,0
COMP_015763,0
COMP_021692,0
COMP_000304,1
COMP_019767,0
COMP_004349,0
COMP_005152,0
COMP_003197,1
COMP_013627,1
COMP_006065,1
COMP_024452,1
COMP_020654,0
COMP_017252,0
COMP_013302,0
COMP_013226,0
COMP_000075,0
COMP_001384,0
COMP_013814,0
COMP_022938,0
COMP_018485,0
COMP_002694,0
COMP_004203,0
COMP_016921,0
COMP_015343,0
COMP_002336,0
COMP_018765,0
COMP_010088,0
COMP_013820,0
COMP_013662,0
COMP_013945,0
COMP_011229,1
COMP_008674,0
COMP_004611,0
COMP_021028,0
COMP_004166,0
COMP_021501,0
COMP_018594,0
COMP_022744,0
COMP_012408,0
COMP_011314,0
COMP_002418,0
COMP_021423,1
COMP_003407,0
COMP_008538,0
COMP_014099,0
COMP_016414,1
COMP_012443,0
COMP_017425,0
COMP_018358,0
COMP_006739,0
COMP_022869,0
COMP_003388,0
COMP_010760,0
COMP_015522,0
COMP_017887,0
COMP_018806,1
COMP_000658,0
COMP_010231,0
COMP_012908,0
COMP_006403,0
COMP_024663,1
COMP_020170,0
COMP_001434,1
COMP_006062,0
COMP_011570,0
COMP_014776,0
COMP_018018,0
COMP_008161,0
COMP_024161,0
COMP_019673,0
COMP_024872,1
COMP_018632,0
COMP_007043,0
COMP_015690,0
COMP_005221,0
COMP_023803,0
COMP_010430,0
COMP_000930,1
COMP_002367,0
COMP_006194,0
COMP_013740,0
COMP_020986,1
COMP_010327,0
COMP_022574,0
COMP_013719,0
COMP_023347,1
COMP_004565,0
COMP_001376,0
COMP_022686,1
COMP_016310,1
COMP_024347,0
COMP_015190,1
COMP_016945,0
COMP_023007,0
COMP_022665,0
COMP_020704,0
COMP_009410,0
COMP_001953,0
COMP_019790,0
COMP_006449,0
COMP_012005,0
COMP_016361,0
COMP_018484,0
COMP_016505,0
COMP_011519,0
COMP_017680,0
COMP_004781,0
COMP_000063,0
COMP_015010,1
COMP_014384,0
COMP_006341,1
COMP_015830,0
COMP_022953,0
COMP_004139,0
COMP_002661,0
COMP_009614,0
COMP_023104,0
COMP_010303,0
COMP_008418,0
COMP_010407,0
COMP_004114,1
COMP_016084,1
COMP_023302,0
COMP_002776,0
COMP_012520,0
COMP_001146,0
COMP_011221,0
COMP_006961,0
COMP_009652,0
COMP_010384,1
COMP_003320,0
COMP_017987,0
COMP_003429,1
COMP_024139,0
COMP_002017,1
COMP_002604,1
COMP_019745,0
COMP_014819,0
COMP_008096,0
COMP_000364,0
COMP_007248,0
COMP_000852,0
COMP_013786,0
COMP_001170,0
COMP_008063,0
COMP_005299,0
COMP_009689,0
COMP_019599,0
COMP_012690,0
COMP_007259,0
COMP_023528,0
COMP_008942,0
COMP_001060,0
COMP_003044,0
COMP_022601,0
COMP_023969,1
COMP_015057,0
COMP_000463,0
COMP_020722,0
COMP_012063,0
COMP_010356,0
COMP_013068,0
COMP_012834,0
COMP_010265,0
COMP_010640,0
COMP_013218,0
COMP_000827,0
COMP_013061,0
COMP_004754,0
COMP_012515,0
COMP_024596,0
COMP_018538,0
COMP_010718,0
COMP_009559,0
COMP_010631,0
COMP_017150,0
COMP_011174,0
COMP_022838,0
COMP_015471,0
COMP_020973,0
COMP_018880,0
COMP_015250,1
COMP_010401,0
COMP_008050,0
COMP_014708,0
COMP_017288,0
COMP_015747,0
COMP_021041,0
COMP_022955,0
COMP_020534,0
COMP_014961,0
COMP_020955,0
COMP_002021,1
COMP_006490,0
COMP_008338,0
COMP_011331,0
COMP_016223,0
COMP_021125,0
COMP_017163,0
COMP_003599,0
COMP_003459,0
COMP_020966,0
COMP_011729,0
COMP_007581,0
COMP_009329,0
COMP_003973,0
COMP_001807,0
COMP_021493,1
COMP_002262,0
COMP_020151,1
COMP_018167,0
COMP_012262,0
COMP_009062,0
COMP_013542,1
COMP_016792,0
COMP_022369,0
COMP_003086,0
COMP_013765,1
COMP_021112,0
COMP_017785,0
COMP_016529,0
COMP_014410,0
COMP_013287,0
COMP_000683,0
COMP_014645,0
COMP_013103,0
COMP_011880,0
COMP_001331,0
COMP_002876,1
COMP_023493,0
COMP_023905,1
COMP_002569,1
COMP_002400,0
COMP_022995,1
COMP_022858,0
COMP_001176,0
COMP_019143,0
COMP_013985,0
COMP_019757,0
COMP_015867,0
COMP_014086,1
COMP_005135,1
COMP_005187,0
COMP_023625,0
COMP_010792,0
COMP_023792,1
COMP_006392,0
COMP_017479,0
COMP_015733,0
COMP_020226,0
COMP_020054,0
COMP_019422,0
COMP_023242,0
COMP_002093,0
COMP_007944,0
COMP_017202,1
COMP_000661,1
COMP_017886,0
COMP_012529,0
COMP_011466,0
COMP_024352,0
COMP_010328,0
COMP_004468,0
COMP_011929,0
COMP_009783,0
COMP_017650,0
COMP_004790,0
COMP_021909,0
COMP_021038,0
COMP_023633,0
COMP_023043,0
COMP_001947,1
COMP_008137,0
COMP_018964,0
COMP_020402,0
COMP_012336,0
COMP_005206,0
COMP_014408,0
COMP_003684,1
COMP_024384,1
COMP_002333,0
COMP_024250,0
COMP_024666,0
COMP_016534,0
COMP_002626,0
COMP_003313,0
COMP_011230,0
COMP_008823,0
COMP_009490,0
COMP_020452,0
COMP_018040,0
COMP_019660,0
COMP_018430,0
COMP_009965,0
COMP_024783,0
COMP_005402,0
COMP_016580,0
COMP_009438,0
COMP_000313,0
COMP_008102,1
COMP_024324,0
COMP_023492,0
COMP_015823,0
COMP_020396,0
COMP_015179,0
COMP_006731,0
COMP_022395,0
COMP_011024,0
COMP_001243,0
COMP_005380,0
COMP_016754,1
COMP_012433,1
COMP_021351,0
COMP_022141,0
COMP_005518,0
COMP_001706,0
COMP_000191,0
COMP_002247,0
COMP_000462,0
COMP_023169,1
COMP_022291,0
COMP_002015,0
COMP_015360,0
COMP_020165,0
COMP_005860,0
COMP_001774,0
COMP_017916,0
COMP_014575,0
COMP_022870,0
COMP_010100,0
COMP_010883,0
COMP_021831,0
COMP_011879,0
COMP_010595,0
COMP_018052,1
COMP_003660,0
COMP_004606,0
COMP_006272,0
COMP_003931,0
COMP_004020,0
COMP_008579,0
COMP_015447,0
COMP_004993,0
COMP_002477,0
COMP_019320,0
COMP_012059,1
COMP_015760,0
COMP_019919,0
COMP_000195,0
COMP_009536,0
COMP_005570,0
COMP_012346,0
COMP_005457,0
COMP_019290,0
COMP_001140,1
COMP_011767,0
COMP_020532,0
COMP_000039,0
COMP_023459,1
COMP_016922,1
COMP_015771,0
COMP_022794,0
COMP_003260,0
COMP_022036,0
COMP_017516,0
COMP_001205,0
COMP_006652,0
COMP_014993,0
COMP_021131,0
COMP_016891,0
COMP_024655,0
COMP_021698,0
COMP_008209,0
COMP_022922,0
COMP_008170,0
COMP_015437,0
COMP_000876,0
COMP_017906,1
COMP_014723,0
COMP_009710,0
COMP_012585,0
COMP_009183,0
COMP_024184,0
COMP_001080,0
COMP_009521,0
COMP_009706,0
COMP_011888,0
COMP_010541,1
COMP_015154,0
COMP_008134,0
COMP_019894,0
COMP_006346,1
COMP_019538,0
COMP_010943,0
COMP_020808,0
COMP_002590,0
COMP_001787,0
COMP_003139,0
COMP_015436,0
COMP_000284,1
COMP_000670,0
COMP_004893,0
COMP_003326,0
COMP_003665,0
COMP_002321,0
COMP_011101,1
COMP_023151,0
COMP_023033,0
COMP_000685,0
COMP_019763,0
COMP_006288,0
COMP_003923,0
COMP_011557,0
COMP_020605,0
COMP_001877,0
COMP_022901,0
COMP_018945,0
COMP_013017,0
COMP_002190,0
COMP_012800,1
COMP_014701,1
COMP_020586,0
COMP_024842,0
COMP_006140,0
COMP_000601,0
COMP_017133,0
COMP_000435,0
COMP_000903,1
COMP_003846,0
COMP_011765,1
COMP_008807,0
COMP_008317,0
COMP_020956,1
COMP_006323,0
COMP_015943,0
COMP_022544,0
COMP_017114,0
COMP_002533,0
COMP_003186,0
COMP_019678,0
COMP_007573,1
COMP_019993,0
COMP_024854,0
COMP_013578,0
COMP_006103,0
COMP_004008,1
COMP_007954,1
COMP_009364,0
COMP_012135,0
COMP_006934,0
COMP_013654,1
COMP_011944,0
COMP_013219,0
COMP_010134,1
COMP_022368,0
COMP_016125,0
COMP_011509,1
COMP_010044,1
COMP_018694,0
COMP_019756,0
COMP_015841,0
COMP_018801,0
COMP_007642,0
COMP_020630,0
COMP_024805,0
COMP_006841,0
COMP_012658,0
COMP_001467,0
COMP_018745,0
COMP_000260,0
COMP_000007,1
COMP_012430,0
COMP_019595,0
COMP_013156,0
COMP_024379,0
COMP_001554,0
COMP_008019,1
COMP_022927,1
COMP_019876,0
COMP_013477,1
COMP_005557,0
COMP_014881,0
COMP_007115,0
COMP_014619,0
COMP_023532,0
COMP_022460,1
COMP_014959,0
COMP_009856,0
COMP_023376,1
COMP_016039,0
COMP_023921,0
COMP_006472,0
COMP_023125,0
COMP_019400,1
COMP_020950,0
COMP_019721,0
COMP_017967,0
COMP_010576,0
COMP_011998,0
COMP_013459,0
COMP_008816,0
COMP_023746,0
COMP_012929,0
COMP_010752,0
COMP_008960,0
COMP_010392,0
COMP_020803,0
COMP_009966,1
COMP_021051,0
COMP_020387,1
COMP_000044,1
COMP_013794,1
COMP_018249,0
COMP_015091,0
COMP_001158,0
COMP_005166,1
COMP_022146,0
COMP_022524,0
COMP_018246,0
COMP_023430,1
COMP_005426,0
COMP_001054,0
COMP_004876,0
COMP_011807,0
COMP_018839,0
COMP_007101,0
COMP_024828,0
COMP_023336,0
COMP_011524,0
COMP_007068,0
COMP_014965,0
COMP_020527,0
COMP_008415,0
COMP_005110,0
COMP_023196,0
COMP_010348,0
COMP_008761,0
COMP_024625,0
COMP_011265,0
COMP_010995,0
COMP_003732,0
COMP_014756,0
COMP_013416,0
COMP_002978,0
COMP_012157,0
COMP_017577,1
COMP_018658,0
COMP_016233,0
COMP_004367,0
COMP_002428,0
COMP_001041,1
COMP_002524,0
COMP_019492,0
COMP_016099,0
COMP_024041,0
COMP_000021,0
COMP_002292,1
COMP_007367,1
COMP_010382,0
COMP_004170,0
COMP_012911,0
COMP_016838,0
COMP_017461,1
COMP_009155,0
COMP_002522,0
COMP_023283,0
COMP_001582,0
COMP_006659,0
COMP_016333,0
COMP_013170,0
COMP_020087,0
COMP_019142,0
COMP_022984,0
COMP_020626,1
COMP_008855,1
COMP_002864,1
COMP_005660,0
COMP_020703,1
COMP_010269,0
COMP_024332,0
COMP_021579,0
COMP_014241,0
COMP_000820,0
COMP_014141,0
COMP_011986,0
COMP_015353,0
COMP_014385,0
COMP_023953,0
COMP_009458,0
COMP_002148,0
COMP_005671,1
COMP_021929,1
COMP_007243,0
COMP_001792,0
COMP_002274,0
COMP_006538,1
COMP_014104,0
COMP_016078,0
COMP_017467,0
COMP_009226,0
COMP_002295,0
COMP_003630,1
COMP_007807,0
COMP_017433,0
COMP_001699,0
COMP_019162,1
COMP_018723,0
COMP_014341,0
COMP_016208,0
COMP_019010,0
COMP_001487,1
COMP_008869,0
COMP_014045,0
COMP_018914,0
COMP_007842,0
COMP_018675,0
COMP_021080,0
COMP_019915,0
COMP_013604,0
COMP_010415,0
COMP_004580,0
COMP_021365,0
COMP_024412,1
COMP_017949,0
COMP_016787,0
COMP_007005,0
COMP_005928,0
COMP_011814,0
COMP_022815,0
COMP_016394,0
COMP_021282,0
COMP_007428,1
COMP_020762,1
COMP_023100,0
COMP_020715,0
COMP_022192,0
COMP_008865,0
COMP_001985,0
COMP_024457,1
COMP_009448,0
COMP_008901,0
COMP_006979,0
COMP_018038,1
COMP_023693,0
COMP_017992,1
COMP_019420,0
COMP_010406,0
COMP_002066,0
COMP_024848,1
COMP_002206,1
COMP_012052,0
COMP_022804,0
COMP_016191,0
COMP_005340,0
COMP_003033,1
COMP_011163,0
COMP_011498,1
COMP_014158,0
COMP_016653,0
COMP_008800,0
COMP_002474,0
COMP_020869,0
COMP_016732,0
COMP_007033,0
COMP_001671,0
COMP_014173,1
COMP_004743,1
COMP_009645,0
COMP_013118,0
COMP_018763,0
COMP_021615,0
COMP_007321,0
COMP_000057,0
COMP_013839,0
COMP_013188,0
COMP_001764,0
COMP_003344,0
COMP_004599,0
COMP_011484,0
COMP_008805,1
COMP_007662,0
COMP_001150,0
COMP_018607,1
COMP_018256,0
COMP_008300,1
COMP_002347,0
COMP_022974,1
COMP_000197,0
COMP_012362,0
COMP_012417,0
COMP_023013,1
COMP_017806,0
COMP_002288,1
COMP_005873,0
COMP_018805,0
COMP_021322,0
COMP_003247,0
COMP_008691,0
COMP_000516,0
COMP_004002,0
COMP_003812,1
COMP_000373,0
COMP_001193,0
COMP_024003,1
COMP_010354,0
COMP_003308,1
COMP_021652,1
COMP_005293,1
COMP_005349,0
COMP_022101,0
COMP_008478,0
COMP_024685,1
COMP_015610,1
COMP_020792,0
COMP_024942,0
COMP_011137,0
COMP_011546,0
COMP_011422,0
COMP_016092,0
COMP_001979,0
COMP_009926,0
COMP_018941,0
COMP_008125,1
COMP_007580,0
COMP_002189,0
COMP_018191,1
COMP_005752,0
COMP_021271,0
COMP_023500,0
COMP_011477,0
COMP_005236,1
COMP_000489,0
COMP_024754,0
COMP_003107,0
COMP_000293,1
COMP_004672,0
COMP_011333,0
COMP_013657,0
COMP_008771,0
COMP_000355,1
COMP_012314,0
COMP_017731,0
COMP_016569,0
COMP_020107,0
COMP_019114,0
COMP_003362,0
COMP_008052,0
COMP_007869,0
COMP_000798,0
COMP_010219,0
COMP_017033,0
COMP_008974,0
COMP_020009,0
COMP_022315,0
COMP_002485,0
COMP_004995,0
COMP_018562,0
COMP_024221,0
COMP_022299,0
COMP_008776,0
COMP_002140,1
COMP_019936,0
COMP_021210,0
COMP_019445,1
COMP_011354,0
COMP_021939,0
COMP_008403,0
COMP_000490,1
COMP_014552,0
COMP_008115,0
COMP_017019,0
COMP_006710,1
COMP_016643,0
COMP_005195,0
COMP_011140,0
COMP_024940,0
COMP_013433,0
COMP_022954,0
COMP_006720,0
COMP_010803,1
COMP_014927,0
COMP_004709,1
COMP_021645,1
COMP_023447,0
COMP_004536,0
COMP_002520,0
COMP_009764,1
COMP_023563,0
COMP_016199,0
COMP_003234,0
COMP_014878,1
COMP_015473,0
COMP_022106,0
COMP_008749,0
COMP_009431,0
COMP_005384,0
COMP_019762,0
COMP_010871,0
COMP_009034,0
COMP_015520,0
COMP_020595,0
COMP_003221,0
COMP_008746,0
COMP_007793,1
COMP_005171,0
COMP_001278,0
COMP_011349,0
COMP_020878,0
COMP_008810,0
COMP_009151,0
COMP_010032,0
COMP_018597,0
COMP_018252,0
COMP_021073,0
COMP_011086,0
COMP_009457,0
COMP_009563,0
COMP_012571,0
COMP_019669,0
COMP_020102,0
COMP_000590,0
COMP_008219,0
COMP_013609,0
COMP_017050,1
COMP_004866,0
COMP_001623,0
COMP_005623,0
COMP_012485,1
COMP_005528,0
COMP_012079,0
COMP_006412,1
COMP_002327,1
COMP_022409,0
COMP_007870,0
COMP_013238,0
COMP_005998,0
COMP_005317,0
COMP_023349,0
COMP_022728,0
COMP_000782,0
COMP_018254,0
COMP_019252,0
COMP_017152,0
COMP_013456,0
COMP_024472,0
COMP_012444,0
COMP_020558,0
COMP_013437,1
COMP_011457,0
COMP_018030,0
COMP_003243,0
COMP_018959,1
COMP_012307,0
COMP_005739,1
COMP_017213,0
COMP_009456,0
COMP_020696,0
COMP_003958,0
COMP_015432,0
COMP_012824,1
COMP_016993,0
COMP_011213,1
COMP_010039,0
COMP_009342,1
COMP_016725,1
COMP_003504,0
COMP_008553,0
COMP_010297,0
COMP_014420,0
COMP_007612,1
COMP_007830,0
COMP_002425,0
COMP_004517,0
COMP_011800,0
COMP_009767,0
COMP_001648,1
COMP_005673,0
COMP_015541,0
COMP_020205,0
COMP_018578,0
COMP_011726,0
COMP_006004,0
COMP_017424,0
COMP_012031,0
COMP_014335,1
COMP_023925,0
COMP_014565,0
COMP_021222,0
COMP_015507,1
COMP_006826,1
COMP_013709,1
COMP_024416,0
COMP_009621,0
COMP_010952,0
COMP_006349,0
COMP_014703,0
COMP_010456,0
COMP_005495,0
COMP_015266,0
COMP_014741,0
COMP_021546,0
COMP_009861,0
COMP_010230,1
COMP_001265,0
COMP_016705,0
COMP_021918,0
COMP_008114,1
COMP_002909,1
COMP_014890,0
COMP_018253,1
COMP_002632,0
COMP_018649,0
COMP_007461,0
COMP_009841,0
COMP_018051,0
COMP_017273,0
COMP_013898,0
COMP_013403,0
COMP_023422,0
COMP_005332,0
COMP_010179,0
COMP_015330,0
COMP_012414,0
COMP_017959,0
COMP_007795,0
COMP_007074,0
COMP_012934,0
COMP_011653,0
COMP_000194,0
COMP_019184,0
COMP_011582,0
COMP_001911,0
COMP_008273,0
COMP_010394,0
COMP_003130,0
COMP_014181,1
COMP_009822,0
COMP_006073,0
COMP_005225,0
COMP_008169,1
COMP_000931,0
COMP_014654,0
COMP_008229,0
COMP_013731,0
COMP_009561,0
COMP_017980,0
COMP_020911,0
COMP_008703,0
COMP_023707,0
COMP_018807,0
COMP_006455,0
COMP_009963,0
COMP_018588,0
COMP_003095,0
COMP_022836,0
COMP_007771,0
COMP_008581,0
COMP_001814,0
COMP_001547,1
COMP_004773,0
COMP_007322,0
COMP_003938,0
COMP_014442,0
COMP_022810,0
COMP_017884,0
COMP_009837,0
COMP_011080,0
COMP_002173,0
COMP_019011,0
COMP_019628,1
COMP_013687,0
COMP_009528,0
COMP_023443,1
COMP_012884,0
COMP_014867,1
COMP_010333,0
COMP_017236,0
COMP_014582,0
COMP_006293,0
COMP_024529,0
COMP_002095,1
COMP_004798,0
COMP_000699,0
COMP_020080,0
COMP_000841,0
COMP_006359,0
COMP_011937,0
COMP_021022,1
COMP_001007,0
COMP_017195,0
COMP_001025,1
COMP_003996,1
COMP_001993,0
COMP_001452,1
COMP_017128,0
COMP_010500,0
COMP_022147,0
COMP_020347,0
COMP_006786,0
COMP_024718,1
COMP_020854,0
COMP_020213,0
COMP_009513,0
COMP_024142,0
COMP_017998,0
COMP_024895,0
COMP_020053,0
COMP_006762,0
COMP_024012,1
COMP_020287,0
COMP_001578,0
COMP_017545,0
COMP_004005,0
COMP_001662,0
COMP_023992,0
COMP_023774,1
COMP_015836,1
COMP_015728,0
COMP_001995,0
COMP_019405,0
COMP_001112,0
COMP_003093,0
COMP_009276,0
COMP_018223,1
COMP_002772,0
COMP_019190,0
COMP_009701,0
COMP_010975,0
COMP_006550,0
COMP_009766,0
COMP_001154,0
COMP_023611,0
COMP_008068,0
COMP_020834,0
COMP_020394,0
COMP_008998,0
COMP_017279,1
COMP_014372,0
COMP_002573,0
COMP_011251,0
COMP_008934,0
COMP_000259,0
COMP_009984,0
COMP_021821,0
COMP_023677,0
COMP_000871,0
COMP_018276,0
COMP_014083,0
COMP_016116,0
COMP_020814,1
COMP_020264,0
COMP_019610,0
COMP_024075,0
COMP_018053,0
COMP_015692,0
COMP_009846,0
COMP_024864,1
COMP_001280,1
COMP_015605,0
COMP_022425,0
COMP_002286,0
COMP_007741,0
COMP_017772,0
COMP_021967,0
COMP_015080,0
COMP_010005,0
COMP_003901,0
COMP_008954,0
COMP_021570,0
COMP_020477,0
COMP_011690,0
COMP_015240,0
COMP_011327,0
COMP_010762,0
COMP_004128,0
COMP_020223,0
COMP_006879,0
COMP_021896,1
COMP_006916,1
COMP_004030,1
COMP_021606,0
COMP_016647,1
COMP_011320,0
COMP_024460,0
COMP_022384,0
COMP_006575,0
COMP_008002,0
COMP_018044,0
COMP_021644,0
COMP_014973,0
COMP_007432,0
COMP_020647,0
COMP_004862,0
COMP_021018,0
COMP_023891,0
COMP_014615,0
COMP_012284,0
COMP_008267,1
COMP_006948,0
COMP_003237,0
COMP_009171,0
COMP_001352,0
COMP_017724,1
COMP_001584,0
COMP_007000,0
COMP_014534,0
COMP_001410,0
COMP_021843,0
COMP_011895,1
COMP_015256,0
COMP_004738,0
COMP_015634,0
COMP_015277,0
COMP_007187,0
COMP_015554,0
COMP_005391,0
COMP_016738,0
COMP_017081,0
COMP_018067,0
COMP_009939,0
COMP_006850,0
COMP_019265,0
COMP_017422,0
COMP_003851,0
COMP_000705,0
COMP_013423,0
COMP_016042,1
COMP_000303,0
COMP_020628,0
COMP_023907,0
COMP_012947,0
COMP_004626,0
COMP_013936,0
COMP_011371,0
COMP_024513,1
COMP_001055,0
COMP_009087,1
COMP_003074,0
COMP_016624,0
COMP_000614,0
COMP_022890,0
COMP_011318,0
COMP_002682,0
COMP_009583,0
COMP_007462,0
COMP_020951,0
COMP_016102,0
COMP_012952,0
COMP_018819,0
COMP_017068,0
COMP_024965,0
COMP_012054,0
COMP_016032,0
COMP_002150,0
COMP_022179,0
COMP_020014,1
COMP_014549,0
COMP_013767,0
COMP_024810,0
COMP_022058,0
COMP_000651,0
COMP_019176,0
COMP_018826,1
COMP_003567,0
COMP_008964,0
COMP_003778,1
COMP_011408,1
COMP_007925,0
COMP_023519,1
COMP_006245,0
COMP_022068,0
COMP_023764,0
COMP_010705,0
COMP_009489,0
COMP_006696,0
COMP_002683,0
COMP_008711,1
COMP_012577,0
COMP_019195,0
COMP_017470,0
COMP_012683,0
COMP_014798,0
COMP_020186,0
COMP_021976,0
COMP_020492,1
COMP_021743,0
COMP_022346,0
COMP_016796,0
COMP_019314,0
COMP_009436,0
COMP_021048,0
COMP_013121,1
COMP_024709,1
COMP_023814,0
COMP_020610,0
COMP_017508,0
COMP_020757,0
COMP_009106,1
COMP_011541,0
COMP_007209,1
COMP_024199,0
COMP_015716,0
COMP_000442,0
COMP_005415,0
COMP_004817,0
COMP_022769,0
COMP_012295,0
COMP_015463,0
COMP_000478,0
COMP_023123,0
COMP_012207,0
COMP_012223,0
COMP_000747,0
COMP_008184,0
COMP_011434,0
COMP_004377,0
COMP_013805,0
COMP_021206,0
COMP_014952,1
COMP_011359,0
COMP_002242,0
COMP_022589,1
COMP_001861,0
COMP_017161,0
COMP_011234,0
COMP_018041,0
COMP_001708,0
COMP_005666,0
COMP_001805,0
COMP_002268,0
COMP_007967,0
COMP_002511,0
COMP_023042,0
COMP_012239,0
COMP_016347,1
COMP_024232,0
COMP_019949,0
COMP_008829,1
COMP_018783,0
COMP_020989,0
COMP_022476,0
COMP_019306,0
COMP_006529,0
COMP_015731,0
COMP_016489,0
COMP_009221,0
COMP_018155,0
COMP_012312,0
COMP_006685,1
COMP_008683,0
COMP_015417,0
COMP_022991,0
COMP_014239,0
COMP_022539,0
COMP_015588,0
COMP_022705,0
COMP_008821,0
COMP_019728,0
COMP_018922,0
COMP_019134,0
COMP_023056,0
COMP_002947,1
COMP_019801,0
COMP_023660,0
COMP_015846,0
COMP_013905,0
COMP_007974,0
COMP_006097,0
COMP_003335,0
COMP_012858,0
COMP_005638,1
COMP_003737,0
COMP_023227,0
COMP_022682,0
COMP_018166,0
COMP_002924,0
COMP_009184,0
COMP_007325,0
COMP_020104,0
COMP_003355,1
COMP_008540,1
COMP_019547,1
COMP_004774,0
COMP_020018,0
COMP_004880,0
COMP_005950,0
COMP_014048,0
COMP_015965,0
COMP_013293,0
COMP_007901,1
COMP_006650,0
COMP_023985,0
COMP_010226,0
COMP_011471,0
COMP_006382,0
COMP_002432,0
COMP_015446,0
COMP_016409,0
COMP_002660,0
COMP_000167,0
COMP_001386,0
COMP_023224,0
COMP_006286,0
COMP_001795,0
COMP_007866,0
COMP_018630,0
COMP_010420,0
COMP_013971,1
COMP_005727,0
COMP_020311,0
COMP_001195,0
COMP_001683,0
COMP_024932,1
COMP_004064,0
COMP_014558,1
COMP_014361,0
COMP_004811,0
COMP_008376,0
COMP_011728,0
COMP_014156,1
COMP_019357,0
COMP_009864,1
COMP_024699,0
COMP_014939,0
COMP_013916,0
COMP_017958,1
COMP_013418,0
COMP_014049,0
COMP_008778,0
COMP_003059,0
COMP_016240,0
COMP_009651,0
COMP_006797,1
COMP_009109,0
COMP_012039,0
COMP_016959,0
COMP_010027,0
COMP_009237,0
COMP_006726,1
COMP_020517,0
COMP_011168,0
COMP_011283,0
COMP_002640,0
COMP_015673,0
COMP_007351,1
COMP_015340,0
COMP_023016,0
COMP_009213,0
COMP_017735,0
COMP_019775,0
COMP_017292,0
COMP_007469,0
COMP_007048,0
COMP_017336,0
COMP_023183,1
COMP_012812,0
COMP_012121,0
COMP_011403,1
COMP_014989,0
COMP_000412,0
COMP_001510,0
COMP_024815,0
COMP_002584,0
COMP_015164,1
COMP_017652,0
COMP_018823,0
COMP_013611,0
COMP_023288,0
COMP_002981,1
COMP_010563,0
COMP_014650,0
COMP_015592,0
COMP_015258,1
COMP_013377,1
COMP_004057,0
COMP_001957,0
COMP_012241,0
COMP_016563,0
COMP_012501,0
COMP_008777,1
COMP_017389,0
COMP_008001,0
COMP_018653,0
COMP_022333,0
COMP_004901,0
COMP_003129,1
COMP_024038,0
COMP_001595,0
COMP_020266,1
COMP_002505,0
COMP_005000,0
COMP_000464,0
COMP_012669,0
COMP_000545,0
COMP_011276,0
COMP_015382,1
COMP_009916,0
COMP_010007,0
COMP_005027,1
COMP_002100,0
COMP_001269,0
COMP_015649,0
COMP_022612,0
COMP_005003,0
COMP_013750,0
COMP_006893,0
COMP_006993,0
COMP_022127,0
COMP_023915,0
COMP_020307,0
COMP_014876,0
COMP_003224,0
COMP_024644,0
COMP_003797,0
COMP_017585,1
COMP_022480,1
COMP_012827,0
COMP_013783,0
COMP_004522,0
COMP_014482,0
COMP_024049,0
COMP_017069,0
COMP_005705,0
COMP_015346,0
COMP_010836,0
COMP_001337,0
COMP_004662,0
COMP_001975,0
COMP_003867,0
COMP_022466,0
COMP_018587,0
COMP_005650,0
COMP_000141,0
COMP_013656,0
COMP_003147,0
COMP_006488,0
COMP_002594,0
COMP_008490,0
COMP_015947,0
COMP_015422,0
COMP_017690,0
COMP_006921,1
COMP_012902,0
COMP_015967,0
COMP_005507,0
COMP_003029,0
COMP_016559,0
COMP_005253,0
COMP_005943,0
COMP_019731,0
COMP_015443,0
COMP_011183,0
COMP_002534,0
COMP_015200,0
COMP_003594,0
COMP_019064,1
COMP_020838,0
COMP_006454,0
COMP_022029,0
COMP_013574,0
COMP_004975,0
COMP_022788,0
COMP_018180,0
COMP_011890,0
COMP_024209,0
COMP_012861,0
COMP_008898,0
COMP_003912,0
COMP_004473,0
COMP_014272,0
COMP_018935,0
COMP_020567,0
COMP_024285,0
COMP_022500,0
COMP_010245,0
COMP_011047,1
COMP_016895,0
COMP_023586,0
COMP_023438,0
COMP_021152,0
COMP_010838,0
COMP_004310,0
COMP_020720,1
COMP_024224,0
COMP_013001,0
COMP_019554,0
COMP_022981,1
COMP_000247,0
COMP_010714,0
COMP_012181,0
COMP_016087,0
COMP_010283,0
COMP_019403,0
COMP_004044,0
COMP_004710,0
COMP_020530,0
COMP_006085,0
COMP_016342,0
COMP_007268,0
COMP_006672,0
COMP_020755,1
COMP_003432,1
COMP_015068,1
COMP_017698,0
COMP_016433,0
COMP_004462,0
COMP_017820,0
COMP_010987,0
COMP_017965,0
COMP_013557,0
COMP_002955,0
COMP_018305,1
COMP_008049,0
COMP_006278,0
COMP_013154,0
COMP_010037,0
COMP_002652,0
COMP_005544,0
COMP_023514,0
COMP_020463,0
COMP_019226,0
COMP_010361,0
COMP_016673,0
COMP_000165,0
COMP_018856,1
COMP_020375,0
COMP_001950,1
COMP_004838,0
COMP_000826,0
COMP_000838,0
COMP_016438,0
COMP_015818,0
COMP_021543,0
COMP_021055,0
COMP_005265,0
COMP_008646,0
COMP_005668,1
COMP_018864,0
COMP_001728,0
COMP_005645,0
COMP_017732,0
COMP_001392,0
COMP_009453,0
COMP_014579,1
COMP_001684,0
COMP_007926,0
COMP_022518,0
COMP_009573,0
COMP_013672,0
COMP_021078,0
COMP_010899,0
COMP_012051,0
COMP_009085,0
COMP_009266,0
COMP_010254,0
COMP_021589,0
COMP_014560,1
COMP_004342,1
COMP_018070,0
COMP_015613,0
COMP_009602,0
COMP_017255,0
COMP_024652,0
COMP_018845,0
COMP_008486,0
COMP_006955,0
COMP_010682,0
COMP_010071,0
COMP_021720,0
COMP_002081,0
COMP_023312,0
COMP_007582,0
COMP_012072,0
COMP_004760,0
COMP_014308,0
COMP_008023,0
COMP_009555,0
COMP_018357,0
COMP_016468,0
COMP_009059,0
COMP_006774,0
COMP_005656,0
COMP_022458,0
COMP_008811,0
COMP_015587,1
COMP_009267,0
COMP_016715,0
COMP_013572,0
COMP_021157,0
COMP_021870,0
COMP_001815,0
COMP_022023,0
COMP_022083,0
COMP_008737,0
COMP_007373,0
COMP_014399,0
COMP_017554,0
COMP_019062,1
COMP_008116,0
COMP_013669,0
COMP_011967,0
COMP_014379,0
COMP_021203,0
COMP_019890,0
COMP_020917,1
COMP_009078,1
COMP_015916,0
COMP_024938,0
COMP_011846,0
COMP_019555,0
COMP_010477,1
COMP_023802,0
COMP_016804,0
COMP_013318,0
COMP_009584,0
COMP_005856,0
COMP_008531,0
COMP_023437,1
COMP_004734,0
COMP_019419,0
COMP_021541,0
COMP_001253,0
COMP_014995,0
COMP_000362,0
COMP_015480,1
COMP_022936,0
COMP_021053,0
COMP_004582,1
COMP_002629,0
COMP_022404,0
COMP_014492,0
COMP_007631,0
COMP_021462,0
COMP_010771,1
COMP_020677,0
COMP_012857,0
COMP_018241,0
COMP_022926,1
COMP_002895,0
COMP_009357,0
COMP_002322,0
COMP_000450,0
COMP_012651,1
COMP_009326,0
COMP_001482,0
COMP_010974,1
COMP_022905,0
COMP_019908,0
COMP_007053,0
COMP_002440,0
COMP_023018,0
COMP_009311,1
COMP_017170,0
COMP_007080,1
COMP_016403,0
COMP_023087,0
COMP_010148,1
COMP_018088,1
COMP_021832,0
COMP_005908,0
COMP_023221,0
COMP_002003,0
COMP_011663,0
COMP_023397,1
COMP_002617,0
COMP_009215,0
COMP_009337,0
COMP_020613,0
COMP_018676,0
COMP_009516,0
COMP_009208,0
COMP_005319,0
COMP_002970,0
COMP_020559,0
COMP_011226,0
COMP_018343,0
COMP_000977,0
COMP_011368,1
COMP_017527,0
COMP_005186,0
COMP_000739,0
COMP_016095,0
COMP_004779,1
COMP_017262,0
COMP_001956,0
COMP_012045,0
COMP_019057,0
COMP_003634,0
COMP_000722,0
COMP_014175,0
COMP_017869,0
COMP_012959,0
COMP_020884,0
COMP_008772,0
COMP_021567,0
COMP_002798,0
COMP_006416,0
COMP_000146,0
COMP_024959,1
COMP_015052,0
COMP_007170,0
COMP_001885,0
COMP_011614,0
COMP_008040,0
COMP_019358,0
COMP_016339,0
COMP_021275,0
COMP_011701,0
COMP_017584,1
COMP_006723,0
COMP_021116,0
COMP_024394,0
COMP_004259,0
COMP_023840,0
COMP_010571,0
COMP_006437,0
COMP_013778,0
COMP_009691,0
COMP_005224,0
COMP_021762,0
COMP_001587,0
COMP_016472,0
COMP_012240,0
COMP_024726,0
COMP_022832,0
COMP_024764,0
COMP_019952,0
COMP_004137,0
COMP_001465,1
COMP_005064,0
COMP_011771,0
COMP_004276,0
COMP_016142,0
COMP_003832,0
COMP_003889,0
COMP_015929,0
COMP_020243,0
COMP_005629,0
COMP_011287,1
COMP_024765,0
COMP_002343,1
COMP_021560,0
COMP_011401,0
COMP_005953,0
COMP_024922,1
COMP_001524,0
COMP_022430,0
COMP_008326,0
COMP_015563,0
COMP_006969,0
COMP_004849,0
COMP_008551,0
COMP_018995,1
COMP_010229,0
COMP_000638,1
COMP_007061,0
COMP_006977,0
COMP_016457,0
COMP_020513,0
COMP_000438,0
COMP_016975,0
COMP_011555,0
COMP_003529,0
COMP_024534,0
COMP_015590,0
COMP_024031,0
COMP_014557,0
COMP_007893,0
COMP_012186,0
COMP_007399,0
COMP_016616,0
COMP_020957,0
COMP_015983,1
COMP_024543,0
COMP_010973,0
COMP_011707,0
COMP_004103,1
COMP_000323,0
COMP_004273,0
COMP_018316,0
COMP_010711,0
COMP_005501,0
COMP_015398,1
COMP_002555,0
COMP_004814,0
COMP_007956,0
COMP_000544,0
COMP_011474,0
COMP_015853,0
COMP_019947,1
COMP_014717,0
COMP_012956,0
COMP_003008,0
COMP_006641,0
COMP_024050,0
COMP_010150,0
COMP_008269,0
COMP_011786,0
COMP_018295,0
COMP_013625,0
COMP_022140,0
COMP_011983,0
COMP_012380,0
COMP_014110,0
COMP_012302,1
COMP_016875,0
COMP_019598,0
COMP_019510,0
COMP_017405,0
COMP_014031,0
COMP_009732,1
COMP_017349,0
COMP_007424,0
COMP_023058,0
COMP_003413,0
COMP_010251,0
COMP_018381,0
COMP_003565,0
COMP_002702,0
COMP_000330,0
COMP_005677,0
COMP_013479,1
COMP_001614,0
COMP_022572,0
COMP_014962,0
COMP_015227,0
COMP_005653,0
COMP_013539,0
COMP_001106,0
COMP_010241,0
COMP_004368,1
COMP_022967,1
COMP_021023,0
COMP_016781,0
COMP_002595,0
COMP_017246,0
COMP_009995,0
COMP_023750,0
COMP_009519,0
COMP_022774,1
COMP_018491,0
COMP_022724,0
COMP_018978,0
COMP_016857,0
COMP_011274,0
COMP_014309,1
COMP_011643,0
COMP_021391,0
COMP_010397,0
COMP_010030,1
COMP_011867,0
COMP_015209,0
COMP_018599,0
COMP_021034,0
COMP_015299,0
COMP_022246,0
COMP_024990,0
COMP_024500,0
COMP_008560,1
COMP_005716,0
COMP_016275,1
COMP_006343,0
COMP_010859,0
COMP_013349,0
COMP_014653,0
COMP_012618,0
COMP_008649,0
COMP_005812,0
COMP_002283,0
COMP_003758,0
COMP_000596,0
COMP_011343,0
COMP_001952,1
COMP_022227,0
COMP_008631,0
COMP_016842,0
COMP_010054,0
COMP_015980,1
COMP_011794,0
COMP_004891,0
COMP_007241,0
COMP_023553,0
COMP_000012,1
COMP_013271,1
COMP_024518,0
COMP_000540,1
COMP_012062,0
COMP_002758,1
COMP_017151,0
COMP_015017,0
COMP_021228,0
COMP_018037,0
COMP_000956,0
COMP_001881,0
COMP_001139,0
COMP_020655,0
COMP_017745,0
COMP_023497,0
COMP_008398,0
COMP_014339,1
COMP_021659,0
COMP_022822,0
COMP_009440,0
COMP_022699,0
COMP_000973,0
COMP_014495,1
COMP_020760,0
COMP_000208,1
COMP_001513,0
COMP_000846,0
COMP_020252,1
COMP_014502,1
COMP_022772,1
COMP_021408,0
COMP_019804,0
COMP_001505,0
COMP_016292,0
COMP_017658,1
COMP_020368,0
COMP_021385,0
COMP_007044,0
COMP_014809,0
COMP_001163,0
COMP_010433,0
COMP_012435,0
COMP_009185,0
COMP_010598,1
COMP_024971,1
COMP_024715,0
COMP_021815,0
COMP_013640,0
COMP_001215,0
COMP_016281,0
COMP_020936,0
COMP_020199,0
COMP_017947,1
COMP_013373,0
COMP_002699,0
COMP_006005,1
COMP_024190,0
COMP_003198,0
COMP_023570,1
COMP_009425,0
COMP_011688,0
COMP_020090,0
COMP_001017,0
COMP_012644,0
COMP_017817,0
COMP_021111,0
COMP_005630,0
COMP_014606,0
COMP_024640,0
COMP_004549,0
COMP_021940,0
COMP_013635,0
COMP_021039,0
COMP_008437,0
COMP_010885,0
COMP_013447,0
COMP_024206,0
COMP_006946,0
COMP_015861,1
COMP_007711,0
COMP_011200,0
COMP_004926,0
COMP_018047,1
COMP_017515,0
COMP_002362,0
COMP_012304,0
COMP_024450,0
COMP_011083,0
COMP_024988,0
COMP_016484,1
COMP_004869,0
COMP_014320,0
COMP_014054,0
COMP_022693,0
COMP_007539,0
COMP_009126,0
COMP_005535,0
COMP_015107,0
COMP_015850,1
COMP_018231,0
COMP_005499,0
COMP_007233,1
COMP_010209,0
COMP_003740,0
COMP_008866,0
COMP_006832,0
COMP_010649,0
COMP_001289,0
COMP_017233,1
COMP_014933,0
COMP_009792,0
COMP_005011,0
COMP_021109,0
COMP_018596,0
COMP_021114,0
COMP_011404,0
COMP_011520,0
COMP_008250,0
COMP_006231,0
COMP_001019,0
COMP_018007,0
COMP_024150,0
COMP_015440,1
COMP_024570,0
COMP_020529,0
COMP_023709,0
COMP_003508,0
COMP_021663,0
COMP_019479,1
COMP_014450,0
COMP_020098,0
COMP_019569,0
COMP_007513,0
COMP_015033,0
COMP_003995,0
COMP_012835,0
COMP_016889,1
COMP_004584,0
COMP_003503,0
COMP_024588,1
COMP_014818,0
COMP_006232,0
COMP_022284,0
COMP_014861,0
COMP_008724,0
COMP_009913,0
COMP_003999,0
COMP_007768,0
COMP_014782,0
COMP_010469,0
COMP_005839,1
COMP_004400,0
COMP_021880,0
COMP_008322,0
COMP_006423,0
COMP_020657,0
COMP_001427,0
COMP_023057,0
COMP_011181,0
COMP_020052,0
COMP_000785,0
COMP_022497,0
COMP_005613,0
COMP_017778,0
COMP_008196,0
COMP_008519,0
COMP_016307,0
COMP_006246,0
COMP_009745,0
COMP_015743,0
COMP_007714,0
COMP_021441,0
COMP_006191,1
COMP_004381,1
COMP_018328,0
COMP_002198,0
COMP_009802,0
COMP_002579,1
COMP_000708,1
COMP_010208,0
COMP_021695,0
COMP_011581,0
COMP_012642,0
COMP_009435,0
COMP_020327,0
COMP_019124,0
COMP_012985,0
COMP_024451,1
COMP_020734,0
COMP_002127,1
COMP_010069,1
COMP_004782,0
COMP_021522,0
COMP_003622,0
COMP_024674,1
COMP_001097,0
COMP_004726,0
COMP_005811,0
COMP_019928,0
COMP_004403,0
COMP_012214,0
COMP_012995,0
COMP_009319,0
COMP_021354,0
COMP_006399,0
COMP_011899,1
COMP_013372,0
COMP_023828,0
COMP_022371,0
COMP_013564,1
COMP_002073,0
COMP_013661,0
COMP_024890,0
COMP_011909,0
COMP_020548,0
COMP_008467,0
COMP_017374,0
COMP_018980,0
COMP_010214,0
COMP_001540,0
COMP_000684,0
COMP_013896,0
COMP_002701,0
COMP_011443,0
COMP_011074,0
COMP_007237,0
COMP_009284,0
COMP_011018,0
COMP_000283,0
COMP_011285,0
COMP_006507,0
COMP_013317,0
COMP_014551,1
COMP_009760,0
COMP_012866,0
COMP_001059,0
COMP_014466,0
COMP_007492,0
COMP_021164,0
COMP_000885,0
COMP_022648,0
COMP_006562,0
COMP_021107,0
COMP_010721,1
COMP_022939,0
COMP_004766,0
COMP_014498,0
COMP_018858,0
COMP_013923,0
COMP_020075,0
COMP_018444,0
COMP_017094,0
COMP_004957,0
COMP_015971,0
COMP_024610,0
COMP_020091,0
COMP_010131,0
COMP_007175,0
COMP_016855,0
COMP_020779,0
COMP_003678,0
COMP_011689,1
COMP_018089,0
COMP_024835,0
COMP_021402,0
COMP_006928,0
COMP_015025,0
COMP_024485,0
COMP_002618,0
COMP_007650,0
COMP_020727,0
COMP_004174,0
COMP_024211,0
COMP_022201,0
COMP_005859,0
COMP_016272,1
COMP_022950,0
COMP_016155,1
COMP_001837,0
COMP_010457,0
COMP_019632,0
COMP_018883,0
COMP_012376,0
COMP_013957,0
COMP_009597,0
COMP_023939,0
COMP_012315,0
COMP_002763,0
COMP_006584,0
COMP_022998,1
COMP_020229,0
COMP_007717,0
COMP_006655,0
COMP_017214,0
COMP_024035,0
COMP_010677,0
COMP_006098,0
COMP_016860,0
COMP_014306,0
COMP_003898,0
COMP_017827,0
COMP_005274,1
COMP_021357,0
COMP_003699,0
COMP_012569,0
COMP_020108,0
COMP_002711,0
COMP_012141,0
COMP_018090,1
COMP_006060,0
COMP_022787,0
COMP_018413,0
COMP_009133,0
COMP_000460,0
COMP_009758,0
COMP_015521,0
COMP_006908,0
COMP_015430,0
COMP_016905,0
COMP_019696,0
COMP_011496,0
COMP_007442,0
COMP_022801,0
COMP_002839,0
COMP_013158,0
COMP_014299,0
COMP_007710,1
COMP_004614,1
COMP_006089,0
COMP_022771,1
COMP_010256,0
COMP_015483,0
COMP_005579,0
COMP_022118,0
COMP_010610,0
COMP_017600,0
COMP_013134,0
COMP_016066,0
COMP_008414,1
COMP_010101,1
COMP_001945,1
COMP_009290,0
COMP_000217,1
COMP_019753,0
COMP_015569,0
COMP_011091,0
COMP_021483,0
COMP_020512,0
COMP_011191,0
COMP_018492,0
COMP_015544,0
COMP_014607,0
COMP_003332,0
COMP_001295,0
COMP_017615,0
COMP_013930,0
COMP_015793,0
COMP_007824,0
COMP_016641,0
COMP_010172,1
COMP_000514,0
COMP_014836,1
COMP_011722,1
COMP_001190,0
COMP_016295,0
COMP_014521,0
COMP_014660,0
COMP_009170,0
COMP_002552,0
COMP_005491,0
COMP_023711,0
COMP_019099,0
COMP_001666,0
COMP_011939,0
COMP_001851,0
COMP_022530,0
COMP_019987,0
COMP_011985,0
COMP_008066,0
COMP_005990,1
COMP_016148,1
COMP_024838,0
COMP_015549,0
COMP_010585,0
COMP_024327,0
COMP_022608,0
COMP_008254,1
COMP_018928,0
COMP_004974,0
COMP_021293,0
COMP_013620,0
COMP_011850,0
COMP_014438,0
COMP_009032,0
COMP_004511,0
COMP_002956,0
COMP_018686,0
COMP_019977,0
COMP_021789,0
COMP_018534,0
COMP_012075,0
COMP_005098,0
COMP_005095,0
COMP_019059,0
COMP_019330,0
COMP_018507,0
COMP_014316,0
COMP_017757,0
COMP_007016,0
COMP_008497,0
COMP_002341,0
COMP_006947,0
COMP_002480,0
COMP_010818,0
COMP_020316,0
COMP_022503,0
COMP_003545,0
COMP_010295,0
COMP_007818,0
COMP_008694,0
COMP_023469,0
COMP_017219,1
COMP_010168,0
COMP_010423,0
COMP_020599,0
COMP_002755,0
COMP_007147,0
COMP_002035,0
COMP_004637,0
COMP_004182,0
COMP_024504,0
COMP_023581,0
COMP_005176,0
COMP_008919,0
COMP_006508,0
COMP_008765,0
COMP_012803,1
COMP_005086,1
COMP_023161,0
COMP_012596,1
COMP_020026,0
COMP_007089,0
COMP_013308,0
COMP_017156,0
COMP_006914,0
COMP_002880,0
COMP_008334,0
COMP_016824,0
COMP_014674,1
COMP_021640,0
COMP_015672,1
COMP_009950,0
COMP_022517,0
COMP_012384,0
COMP_017338,0
COMP_004688,0
COMP_015775,0
COMP_004122,0
COMP_010383,0
COMP_006929,0
COMP_019381,1
COMP_007266,0
COMP_010802,0
COMP_008632,0
COMP_001357,0
COMP_023195,0
COMP_013800,0
COMP_001185,1
COMP_000756,0
COMP_007840,0
COMP_000783,0
COMP_011961,0
COMP_012722,0
COMP_008345,0
COMP_023053,0
COMP_021607,0
COMP_024544,0
COMP_016744,0
COMP_002072,0
COMP_014451,1
COMP_008390,0
COMP_021070,0
COMP_006366,0
COMP_009642,0
COMP_020369,0
COMP_002243,0
COMP_003110,0
COMP_022800,0
COMP_014931,0
COMP_015385,0
COMP_018879,0
COMP_023766,1
COMP_010474,1
COMP_004744,0
COMP_019580,0
COMP_002794,0
COMP_019587,0
COMP_024051,1
COMP_002245,0
COMP_014115,0
COMP_007125,0
COMP_018074,0
COMP_002975,0
COMP_002789,1
COMP_016703,0
COMP_016818,0
COMP_018666,0
COMP_022388,0
COMP_000734,1
COMP_001536,0
COMP_016245,0
COMP_009880,0
COMP_010626,0
COMP_019327,0
COMP_003512,0
COMP_011210,0
COMP_015620,0
COMP_017823,0
COMP_011209,0
COMP_005472,0
COMP_009114,0
COMP_020244,0
COMP_020663,0
COMP_016531,0
COMP_018584,0
COMP_020624,0
COMP_008017,0
COMP_010788,0
COMP_024008,0
COMP_017572,0
COMP_011133,0
COMP_023768,0
COMP_003329,0
COMP_013169,0
COMP_019299,0
COMP_020283,0
COMP_020712,0
COMP_005165,0
COMP_019188,0
COMP_016126,0
COMP_003949,0
COMP_010709,0
COMP_019088,0
COMP_006695,0
COMP_017497,1
COMP_024072,0
COMP_017899,0
COMP_006180,0
COMP_005142,0
COMP_007838,0
COMP_020784,1
COMP_002771,1
COMP_005244,0
COMP_009524,0
COMP_018001,0
COMP_014511,0
COMP_004701,0
COMP_005241,0
COMP_016634,1
COMP_018710,0
COMP_021348,1
COMP_015081,0
COMP_019922,0
COMP_000246,0
COMP_001759,0
COMP_024223,1
COMP_005799,0
COMP_009322,0
COMP_014497,0
COMP_008034,1
COMP_024691,0
COMP_011353,0
COMP_015597,0
COMP_016830,0
COMP_022094,1
COMP_005185,0
COMP_021065,0
COMP_012627,0
COMP_014052,0
COMP_003444,0
COMP_017653,0
COMP_016450,0
COMP_016215,0
COMP_002562,0
COMP_018415,0
COMP_005520,0
COMP_000252,0
COMP_019548,0
COMP_015134,0
COMP_018205,0
COMP_018289,0
COMP_020928,0
COMP_019567,0
COMP_023282,1
COMP_009754,0
COMP_007525,0
COMP_015647,0
COMP_004240,0
COMP_003141,0
COMP_005639,0
COMP_023914,0
COMP_021787,0
COMP_013594,0
COMP_023585,0
COMP_001100,0
COMP_000960,0
COMP_017476,0
COMP_005597,0
COMP_019363,0
COMP_023001,0
COMP_015749,0
COMP_008204,0
COMP_018187,0
COMP_008228,0
COMP_002856,0
COMP_016055,0
COMP_015572,1
COMP_005420,0
COMP_000501,1
COMP_015407,0
COMP_016483,0
COMP_015835,0
COMP_020464,0
COMP_018145,0
COMP_009272,0
COMP_015748,0
COMP_013507,0
COMP_008485,1
COMP_017375,1
COMP_006827,0
COMP_003185,0
COMP_024454,0
COMP_007553,0
COMP_017775,1
COMP_015049,0
COMP_016625,0
COMP_001878,0
COMP_014655,0
COMP_017299,0
COMP_005005,0
COMP_019736,0
COMP_017655,0
COMP_019145,0
COMP_022463,0
COMP_014400,0
COMP_023529,1
COMP_010559,0
COMP_012913,0
COMP_008562,0
COMP_006531,0
COMP_015779,0
COMP_005922,0
COMP_000506,0
COMP_024735,0
COMP_017691,0
COMP_022764,0
COMP_015678,1
COMP_001363,0
COMP_022996,0
COMP_007763,0
COMP_005009,0
COMP_023277,0
COMP_001204,0
COMP_024578,0
COMP_007615,0
COMP_004501,0
COMP_021119,0
COMP_024840,0
COMP_010681,0
COMP_004098,0
COMP_021151,1
COMP_000970,0
COMP_019950,0
COMP_023819,0
COMP_023046,0
COMP_008319,0
COMP_012231,0
COMP_011884,1
COMP_014914,1
COMP_009719,0
COMP_016941,1
COMP_001004,0
COMP_014150,0
COMP_020008,1
COMP_010386,0
COMP_010665,1
COMP_004627,0
COMP_008104,0
COMP_000434,1
COMP_014583,1
COMP_019399,0
COMP_002047,0
COMP_017435,0
COMP_001220,0
COMP_013724,1
COMP_016753,0
COMP_009091,0
COMP_014390,0
COMP_016152,0
COMP_006667,0
COMP_021946,0
COMP_005378,1
COMP_020349,0
COMP_019934,1
COMP_004358,0
COMP_003963,0
COMP_017181,0
COMP_013145,0
COMP_018608,0
COMP_022084,1
COMP_000524,0
COMP_005254,1
COMP_010726,1
COMP_003134,0
COMP_022032,0
COMP_012614,0
COMP_003285,0
COMP_009212,0
COMP_011184,0
COMP_009415,0
COMP_013516,0
COMP_004362,0
COMP_018697,0
COMP_015255,1
COMP_023421,0
COMP_022534,0
COMP_003532,0
COMP_019001,0
COMP_004297,0
COMP_021250,0
COMP_022779,0
COMP_023385,0
COMP_008577,0
COMP_021982,0
COMP_011840,0
COMP_007230,0
COMP_014503,0
COMP_020577,1
COMP_008959,0
COMP_009682,0
COMP_011684,0
COMP_020579,0
COMP_019618,0
COMP_015293,0
COMP_014507,0
COMP_003060,1
COMP_001611,0
COMP_022031,0
COMP_018098,0
COMP_007547,0
COMP_012702,0
COMP_009478,0
COMP_015456,0
COMP_005030,0
COMP_003296,0
COMP_016791,0
COMP_003492,1
COMP_024273,0
COMP_003971,0
COMP_002766,1
COMP_012445,0
COMP_016190,0
COMP_018017,0
COMP_013824,0
COMP_000402,0
COMP_014193,0
COMP_012276,0
COMP_003100,0
COMP_005255,1
COMP_005621,0
COMP_022723,0
COMP_023024,1
COMP_006937,0
COMP_004854,0
COMP_002297,1
COMP_010954,1
COMP_008936,0
COMP_024582,0
COMP_006761,0
COMP_011597,0
COMP_003053,1
COMP_001424,0
COMP_012011,0
COMP_006285,0
COMP_010757,0
COMP_009888,0
COMP_009248,0
COMP_022307,1
COMP_013241,0
COMP_016410,1
COMP_023988,0
COMP_016325,0
COMP_001747,0
COMP_004784,0
COMP_014293,1
COMP_008545,0
COMP_009046,0
COMP_006047,0
COMP_021703,1
COMP_010533,0
COMP_015942,0
COMP_015171,0
COMP_019292,1
COMP_002339,0
COMP_020959,0
COMP_021121,0
COMP_022274,0
COMP_008237,0
COMP_021147,1
COMP_013051,0
COMP_016258,0
COMP_001011,0
COMP_024775,0
COMP_021707,0
COMP_006543,0
COMP_014214,0
COMP_011776,0
COMP_010076,0
COMP_019240,1
COMP_002742,0
COMP_003255,0
COMP_024617,0
COMP_013485,1
COMP_014732,0
COMP_023132,0
COMP_014002,0
COMP_017720,1
COMP_006727,1
COMP_013425,0
COMP_013680,1
COMP_020882,1
COMP_024468,0
COMP_015881,0
COMP_004429,1
COMP_016779,1
COMP_011123,0
COMP_016235,1
COMP_016419,0
COMP_012018,0
COMP_014808,0
COMP_009263,0
COMP_011676,1
COMP_000345,0
COMP_024925,0
COMP_022042,0
COMP_021069,0
COMP_003841,0
COMP_000257,0
COMP_020152,1
COMP_010447,0
COMP_006811,0
COMP_011396,0
COMP_017635,0
COMP_013026,0
COMP_015880,0
COMP_022738,0
COMP_008381,0
COMP_020541,0
COMP_006190,0
COMP_003555,0
COMP_023419,0
COMP_000935,0
COMP_022111,0
COMP_009912,0
COMP_005725,0
COMP_022223,0
COMP_007898,0
COMP_021284,1
COMP_008637,0
COMP_008188,0
COMP_002368,1
COMP_020438,1
COMP_001293,0
COMP_002040,1
COMP_006368,1
COMP_008991,0
COMP_008858,0
COMP_022340,0
COMP_010495,0
COMP_004616,0
COMP_013583,0
COMP_013021,0
COMP_023936,1
COMP_008126,1
COMP_023957,0
COMP_021994,0
COMP_012598,0
COMP_000239,0
COMP_009432,0
COMP_013771,0
COMP_017090,0
COMP_007380,0
COMP_013112,0
COMP_019829,0
COMP_013868,0
COMP_024477,0
COMP_023359,0
COMP_004763,0
COMP_020489,0
COMP_016115,0
COMP_009316,0
COMP_013897,0
COMP_022948,0
COMP_006545,0
COMP_014266,0
COMP_022260,0
COMP_002142,0
COMP_016044,1
COMP_009211,0
COMP_020056,0
COMP_020826,0
COMP_004695,0
COMP_006123,0
COMP_013364,0
COMP_017473,0
COMP_017160,0
COMP_008072,0
COMP_011463,0
COMP_015397,0
COMP_018704,0
COMP_009946,0
COMP_002239,1
COMP_016091,0
COMP_011370,0
COMP_006623,0
COMP_023198,0
COMP_000488,0
COMP_022105,0
COMP_018147,1
COMP_015559,0
COMP_020403,0
COMP_009180,0
COMP_010042,0
COMP_019017,0
COMP_014765,0
COMP_017073,1
COMP_019737,0
COMP_018664,0
COMP_017597,1
COMP_010440,1
COMP_002004,1
COMP_018112,1
COMP_007544,0
COMP_002041,0
COMP_020555,0
COMP_024991,0
COMP_020907,0
COMP_013222,0
COMP_016212,0
COMP_008112,0
COMP_008774,0
COMP_004564,0
COMP_005271,0
COMP_022038,0
COMP_015337,0
COMP_013525,0
COMP_016981,0
COMP_012248,0
COMP_007740,0
COMP_004597,0
COMP_011796,0
COMP_020144,0
COMP_019116,1
COMP_003245,0
COMP_001447,0
COMP_021049,0
COMP_003726,0
COMP_020645,0
COMP_011799,1
COMP_019574,0
COMP_004074,0
COMP_009142,0
COMP_009813,0
COMP_005392,0
COMP_024411,0
COMP_021458,0
COMP_018286,1
COMP_018734,0
COMP_005846,0
COMP_013091,0
COMP_022175,0
COMP_022937,0
COMP_000914,0
COMP_008325,0
COMP_011710,0
COMP_023673,1
COMP_008100,1
COMP_022489,0
COMP_008397,0
COMP_016988,0
COMP_022155,0
COMP_004769,0
COMP_023326,1
COMP_006433,0
COMP_024591,1
COMP_014389,0
COMP_010660,0
COMP_013335,0
COMP_024069,0
COMP_021676,0
COMP_016349,1
COMP_000951,1
COMP_004304,0
COMP_020019,0
COMP_023810,0
COMP_009418,0
COMP_011197,0
COMP_010167,0
COMP_023755,0
COMP_001686,1
COMP_000585,0
COMP_003088,0
COMP_012041,0
COMP_002487,0
COMP_001835,0
COMP_016058,0
COMP_006007,0
COMP_017064,1
COMP_004802,0
COMP_011655,0
COMP_014610,0
COMP_009927,0
COMP_014176,0
COMP_012714,0
COMP_021992,0
COMP_002302,0
COMP_019847,0
COMP_013947,0
COMP_017304,0
COMP_009707,0
COMP_003135,0
COMP_000118,0
COMP_021061,0
COMP_010798,0
COMP_000334,0
COMP_005831,1
COMP_001727,0
COMP_015618,0
COMP_020638,0
COMP_017224,0
COMP_024852,0
COMP_003462,0
COMP_006846,0
COMP_022108,0
COMP_005393,0
COMP_020076,0
COMP_020067,0
COMP_021476,0
COMP_020326,0
COMP_008119,0
COMP_001366,0
COMP_023683,1
COMP_019218,0
COMP_010815,0
COMP_013877,0
COMP_019092,0
COMP_004943,0
COMP_001069,0
COMP_002265,0
COMP_022112,1
COMP_000637,0
COMP_009482,1
COMP_012782,0
COMP_005782,0
COMP_008806,1
COMP_015344,1
COMP_013321,0
COMP_004090,0
COMP_024670,0
COMP_013698,0
COMP_017519,0
COMP_011228,1
COMP_008539,0
COMP_018601,0
COMP_020426,0
COMP_003047,0
COMP_003370,1
COMP_001383,0
COMP_007145,0
COMP_004448,0
COMP_020643,0
COMP_005096,0
COMP_004938,0
COMP_003240,1
COMP_023670,0
COMP_013642,0
COMP_015951,0
COMP_003979,0
COMP_020576,0
COMP_009420,1
COMP_014458,0
COMP_007157,0
COMP_005350,0
COMP_007501,0
COMP_002523,0
COMP_011583,0
COMP_020173,0
COMP_005919,0
COMP_010964,0
COMP_008576,0
COMP_011526,0
COMP_020011,0
COMP_013178,0
COMP_002665,0
COMP_018023,0
COMP_022850,0
COMP_023194,0
COMP_003541,0
COMP_011698,0
COMP_016141,0
COMP_015930,0
COMP_004714,0
COMP_011540,0
COMP_005369,1
COMP_006755,0
COMP_004443,1
COMP_015842,0
COMP_002689,0
COMP_020648,0
COMP_023225,0
COMP_002959,0
COMP_004210,0
COMP_007020,0
COMP_007055,0
COMP_024357,0
COMP_016805,1
COMP_007693,0
COMP_004311,0
COMP_000052,0
COMP_009143,0
COMP_008626,0
COMP_018104,0
COMP_013884,1
COMP_014157,1
COMP_021081,0
COMP_003165,0
COMP_018720,0
COMP_020664,0
COMP_021013,0
COMP_018712,0
COMP_004175,0
COMP_018620,0
COMP_012441,0
COMP_008564,0
COMP_018971,0
COMP_006172,0
COMP_023897,1
COMP_006662,0
COMP_016644,0
COMP_003493,0
COMP_024788,0
COMP_000169,1
COMP_014196,0
COMP_012066,0
COMP_004481,0
COMP_010162,0
COMP_015788,0
COMP_004949,0
COMP_016570,0
COMP_004545,0
COMP_020158,1
COMP_012935,0
COMP_021772,0
COMP_014432,0
COMP_018846,0
COMP_011931,0
COMP_006651,0
COMP_019797,1
COMP_014113,0
COMP_004742,1
COMP_021571,0
COMP_017926,0
COMP_004132,0
COMP_003371,1
COMP_018163,0
COMP_014024,0
COMP_017351,0
COMP_014835,0
COMP_015451,0
COMP_014106,0
COMP_011774,1
COMP_003714,0
COMP_010800,0
COMP_009293,0
COMP_017643,1
COMP_018833,0
COMP_003363,0
COMP_011199,0
COMP_006880,0
COMP_004613,0
COMP_006348,0
COMP_024210,1
COMP_000517,0
COMP_001816,1
COMP_009915,0
COMP_019029,0
COMP_004253,1
COMP_021788,0
COMP_010808,0
COMP_001315,0
COMP_023098,0
COMP_003891,0
COMP_003779,0
COMP_018230,0
COMP_023316,0
COMP_004371,1
COMP_000363,0
COMP_010381,0
COMP_016134,0
COMP_016363,0
COMP_008717,0
COMP_007970,0
COMP_002147,0
COMP_014363,0
COMP_007265,0
COMP_005198,0
COMP_001024,0
COMP_024957,0
COMP_021466,0
COMP_013589,0
COMP_014788,0
COMP_019557,1
COMP_006187,0
COMP_021035,1
COMP_012252,0
COMP_000594,0
COMP_024597,0
COMP_005365,0
COMP_013685,1
COMP_023055,0
COMP_000618,0
COMP_022073,1
COMP_017223,0
COMP_009067,0
COMP_000762,1
COMP_011431,0
COMP_007948,0
COMP_014916,1
COMP_002221,1
COMP_009722,0
COMP_009976,0
COMP_004809,0
COMP_020445,1
COMP_013848,0
COMP_024438,0
COMP_020255,0
COMP_002801,0
COMP_013002,0
COMP_001406,0
COMP_009948,1
COMP_008736,1
COMP_004576,0
COMP_010979,0
COMP_017520,0
COMP_015086,0
COMP_008981,0
COMP_005486,0
COMP_024182,0
COMP_019366,0
COMP_008953,0
COMP_023105,0
COMP_006816,0
COMP_003138,0
COMP_008075,0
COMP_023038,0
COMP_009688,0
COMP_014568,0
COMP_010202,0
COMP_021182,0
COMP_023181,0
COMP_001237,0
COMP_019155,1
COMP_007567,0
COMP_003937,1
COMP_008299,0
COMP_008867,0
COMP_019466,0
COMP_014055,0
COMP_008350,0
COMP_018872,0
COMP_008574,1
COMP_007249,0
COMP_009700,0
COMP_022979,0
COMP_018388,0
COMP_019918,0
COMP_007968,1
COMP_011591,0
COMP_024339,0
COMP_008732,0
COMP_013106,1
COMP_007072,1
COMP_015184,1
COMP_006252,0
COMP_009108,1
COMP_009526,0
COMP_006021,1
COMP_007284,0
COMP_018369,0
COMP_002602,1
COMP_017952,0
COMP_013531,0
COMP_006301,0
COMP_024923,0
COMP_017234,1
COMP_013702,0
COMP_004939,0
COMP_000778,0
COMP_020039,0
COMP_019453,0
COMP_010642,1
COMP_021266,1
COMP_023574,0
COMP_006775,1
COMP_015924,1
COMP_001717,0
COMP_015439,0
COMP_022422,0
COMP_010279,0
COMP_018769,0
COMP_013494,0
COMP_010584,0
COMP_010981,0
COMP_002544,0
COMP_014469,0
COMP_011992,0
COMP_004015,0
COMP_010955,0
COMP_014912,1
COMP_016461,1
COMP_015878,0
COMP_024238,0
COMP_006025,0
COMP_003715,0
COMP_021027,0
COMP_017315,0
COMP_024011,0
COMP_012839,0
COMP_008440,0
COMP_011645,0
COMP_016629,0
COMP_015421,0
COMP_013165,1
COMP_015488,0
COMP_017449,0
COMP_012216,0
COMP_024052,1
COMP_002938,0
COMP_009680,0
COMP_000351,0
COMP_015414,1
COMP_024947,0
COMP_013911,0
COMP_017854,0
COMP_010025,0
COMP_020219,0
COMP_023793,0
COMP_003161,1
COMP_010723,0
COMP_024174,0
COMP_020456,0
COMP_015122,0
COMP_003037,0
COMP_007657,0
COMP_003016,0
COMP_018707,0
COMP_017190,0
COMP_018991,0
COMP_015953,0
COMP_004539,0
COMP_016034,0
COMP_021602,0
COMP_009039,0
COMP_007903,0
COMP_005013,0
COMP_003183,0
COMP_019249,0
COMP_024777,0
COMP_016550,0
